,d,final_objective[MDF],nx,ny,total iterations[MDF],total time[MDF],final_objective[IDF_tol],total iterations[IDF_tol],total time[IDF_tol]
0,0.5,-17.129496564789473,20,7,8,429.97499990463257,-17.143201533601218,15,737.4530000686646
0,0.5,-17.17797939975286,20,7,10,635.260999917984,-17.18670024046049,17,789.6230001449585
0,0.5,-17.022095399717664,20,7,9,540.3710000514984,-17.025240362940686,19,814.4909999370575
0,0.5,-17.131515987620624,20,7,10,624.2860000133514,-17.13706268665321,12,621.9810001850128
0,0.5,-16.921020869702435,20,7,142,2611.1259999275208,-16.933073794581517,15,715.7420001029968
